student_id,name,gender,email_id,password,contact_number,date_of_birth
B25783,Rahul Pillai,M,rahulpillai54@hms.com,B25783,+917921522058,2007-07-14
B25493,Arjun Ghosh,M,arjunghosh57@hms.com,B25493,+917160602911,2004-01-22
B25814,Arjun Mehta,M,arjunmehta43@hms.com,B25814,+917582213876,2004-09-11
B25633,Rohit Mehta,M,rohitmehta17@hms.com,B25633,+916655024265,2006-07-31
B25645,Vikram Pillai,M,vikrampillai36@hms.com,B25645,+916908482008,2007-05-02
B25972,Arjun Verma,M,arjunverma97@hms.com,B25972,+917780743230,2007-02-13
B25264,Vikram Nair,M,vikramnair21@hms.com,B25264,+919294628523,2007-06-12
B25912,Vikram Joshi,M,vikramjoshi74@hms.com,B25912,+919579248843,2007-10-10
B25281,Anand Das,M,ananddas76@hms.com,B25281,+918820793300,2007-07-20
B25878,Anand Verma,M,anandverma26@hms.com,B25878,+918399203724,2007-09-20
B25314,Rohit Das,M,rohitdas57@hms.com,B25314,+918707521921,2005-12-09
B25865,Arjun Sharma,M,arjunsharma33@hms.com,B25865,+917858387114,2005-05-23
B25932,Anand Sharma,M,anandsharma10@hms.com,B25932,+917021071250,2004-09-27
B25497,Amit Verma,M,amitverma52@hms.com,B25497,+918717724816,2004-10-31
B25513,Vikram Ghosh,M,vikramghosh72@hms.com,B25513,+919080605588,2006-05-13
B25424,Karthik Iyer,M,karthikiyer34@hms.com,B25424,+918027961015,2004-04-17
B25414,Amit Verma,M,amitverma90@hms.com,B25414,+919252671036,2006-03-30
B25785,Suresh Das,M,sureshdas86@hms.com,B25785,+918261779832,2004-03-21
B25161,Rahul Nair,M,rahulnair60@hms.com,B25161,+919887932162,2006-06-11
B25370,Vikram Sharma,M,vikramsharma72@hms.com,B25370,+918810272374,2004-06-20
B25398,Ramesh Das,M,rameshdas95@hms.com,B25398,+919939879674,2006-03-28
B25406,Vishal Verma,M,vishalverma71@hms.com,B25406,+916587687783,2004-05-09
B25330,Anand Reddy,M,anandreddy70@hms.com,B25330,+916135392877,2007-12-06
B25606,Ramesh Pillai,M,rameshpillai57@hms.com,B25606,+919870561793,2004-02-18
B25361,Ramesh Reddy,M,rameshreddy36@hms.com,B25361,+916856385004,2007-07-13
B25583,Suresh Nair,M,sureshnair52@hms.com,B25583,+918636798035,2004-07-29
B25591,Ramesh Pillai,M,rameshpillai14@hms.com,B25591,+917726771464,2004-07-10
B25806,Anand Das,M,ananddas88@hms.com,B25806,+918213985138,2007-09-26
B25831,Rahul Iyer,M,rahuliyer64@hms.com,B25831,+919995604951,2006-09-05
B25941,Suresh Reddy,M,sureshreddy29@hms.com,B25941,+919104591943,2004-12-08
B25819,Karthik Joshi,M,karthikjoshi68@hms.com,B25819,+916200228958,2006-04-24
B25359,Vikram Das,M,vikramdas89@hms.com,B25359,+917460319822,2006-05-03
B25422,Rohit Iyer,M,rohitiyer88@hms.com,B25422,+918484624889,2004-08-24
B25252,Karthik Mehta,M,karthikmehta54@hms.com,B25252,+919396068500,2007-04-08
B25306,Vishal Reddy,M,vishalreddy52@hms.com,B25306,+919060853263,2007-06-13
B25628,Rohit Joshi,M,rohitjoshi83@hms.com,B25628,+918898171406,2007-03-26
B25309,Ramesh Ghosh,M,rameshghosh39@hms.com,B25309,+919319291735,2007-05-30
B25614,Vikram Pillai,M,vikrampillai56@hms.com,B25614,+918026272684,2006-10-23
B25378,Vishal Reddy,M,vishalreddy70@hms.com,B25378,+916972887281,2006-10-18
B25119,Karthik Verma,M,karthikverma62@hms.com,B25119,+919928404656,2006-04-17
B25163,Arjun Verma,M,arjunverma35@hms.com,B25163,+919711206531,2007-11-11
B25593,Rahul Pillai,M,rahulpillai52@hms.com,B25593,+918139730548,2006-11-27
B25362,Karthik Ghosh,M,karthikghosh80@hms.com,B25362,+919555149872,2005-07-05
B25284,Arjun Ghosh,M,arjunghosh50@hms.com,B25284,+916303934436,2007-08-10
B25962,Anand Nair,M,anandnair42@hms.com,B25962,+916930862780,2006-10-16
B25629,Amit Ghosh,M,amitghosh87@hms.com,B25629,+916767426763,2007-02-03
B25521,Rohit Pillai,M,rohitpillai17@hms.com,B25521,+919801814395,2006-09-12
B25482,Rahul Iyer,M,rahuliyer94@hms.com,B25482,+919304593717,2004-07-13
B25835,Ramesh Joshi,M,rameshjoshi26@hms.com,B25835,+916502866391,2006-06-08
B25836,Rohit Verma,M,rohitverma54@hms.com,B25836,+916144529830,2004-02-03
B25238,Vikram Mehta,M,vikrammehta95@hms.com,B25238,+918058026067,2007-06-17
B25648,Arjun Mehta,M,arjunmehta49@hms.com,B25648,+918836000882,2004-02-07
B25226,Vishal Joshi,M,vishaljoshi92@hms.com,B25226,+918724904320,2007-07-13
B25659,Vikram Nair,M,vikramnair89@hms.com,B25659,+918077583032,2004-07-17
B25872,Anand Mehta,M,anandmehta35@hms.com,B25872,+916943072916,2006-05-27
B25686,Vikram Pillai,M,vikrampillai80@hms.com,B25686,+917434732785,2005-12-30
B25780,Rahul Reddy,M,rahulreddy77@hms.com,B25780,+918779545882,2005-06-07
B25635,Suresh Pillai,M,sureshpillai61@hms.com,B25635,+916787138120,2006-12-31
B25377,Karthik Sharma,M,karthiksharma52@hms.com,B25377,+919010251429,2006-07-19
B25675,Arjun Ghosh,M,arjunghosh88@hms.com,B25675,+917643654315,2005-12-09
B25898,Karthik Sharma,M,karthiksharma55@hms.com,B25898,+917881851341,2005-10-17
B25996,Karthik Mehta,M,karthikmehta13@hms.com,B25996,+916180479012,2005-11-15
B25501,Rohit Mehta,M,rohitmehta71@hms.com,B25501,+917535574521,2005-04-21
B25854,Vishal Verma,M,vishalverma67@hms.com,B25854,+916608261855,2005-09-28
B25846,Karthik Nair,M,karthiknair42@hms.com,B25846,+917447163207,2007-09-14
B25853,Rahul Ghosh,M,rahulghosh73@hms.com,B25853,+919549443775,2006-10-15
B25311,Anand Iyer,M,anandiyer46@hms.com,B25311,+919725169362,2006-03-30
B25994,Rohit Joshi,M,rohitjoshi96@hms.com,B25994,+917222354260,2005-09-16
B25569,Karthik Sharma,M,karthiksharma18@hms.com,B25569,+916050418889,2004-09-07
B25907,Vishal Reddy,M,vishalreddy39@hms.com,B25907,+917448434787,2005-08-08
B25545,Suresh Iyer,M,sureshiyer78@hms.com,B25545,+916457373041,2005-07-24
B25355,Rahul Iyer,M,rahuliyer33@hms.com,B25355,+918312658315,2004-07-28
B25632,Vikram Ghosh,M,vikramghosh91@hms.com,B25632,+918896653474,2005-09-08
B25981,Ramesh Mehta,M,rameshmehta87@hms.com,B25981,+918092580271,2007-08-22
B25499,Arjun Pillai,M,arjunpillai52@hms.com,B25499,+916396374488,2006-04-17
B25847,Vishal Sharma,M,vishalsharma45@hms.com,B25847,+917643018830,2005-03-07
B25442,Arjun Sharma,M,arjunsharma39@hms.com,B25442,+918683051698,2004-10-28
B25146,Vishal Mehta,M,vishalmehta99@hms.com,B25146,+918353974386,2004-09-07
B25191,Rahul Joshi,M,rahuljoshi57@hms.com,B25191,+919682733651,2004-08-01
B25217,Vishal Pillai,M,vishalpillai85@hms.com,B25217,+919538519486,2007-05-27
B25696,Rohit Pillai,M,rohitpillai63@hms.com,B25696,+916035799289,2005-03-25
B25391,Karthik Pillai,M,karthikpillai93@hms.com,B25391,+918555252283,2007-01-22
B25913,Anand Das,M,ananddas75@hms.com,B25913,+916278848246,2005-02-11
B25770,Arjun Reddy,M,arjunreddy64@hms.com,B25770,+918631800474,2006-07-04
B25886,Arjun Nair,M,arjunnair99@hms.com,B25886,+917543632406,2004-12-12
B25324,Arjun Ghosh,M,arjunghosh77@hms.com,B25324,+916387508776,2006-03-08
B25130,Rohit Mehta,M,rohitmehta54@hms.com,B25130,+916732025207,2006-05-21
B25408,Suresh Verma,M,sureshverma46@hms.com,B25408,+916483299127,2005-03-06
B25256,Vishal Das,M,vishaldas30@hms.com,B25256,+918627075582,2005-06-15
B25801,Vishal Mehta,M,vishalmehta56@hms.com,B25801,+919504381794,2006-12-13
B25239,Rohit Verma,M,rohitverma21@hms.com,B25239,+918942919823,2006-08-30
B25105,Rohit Iyer,M,rohitiyer95@hms.com,B25105,+919732340193,2004-08-06
B25599,Rohit Mehta,M,rohitmehta34@hms.com,B25599,+916105149176,2004-09-01
B25274,Suresh Mehta,M,sureshmehta61@hms.com,B25274,+916931596865,2006-01-02
B25342,Anand Pillai,M,anandpillai11@hms.com,B25342,+918596638798,2006-10-27
B25538,Arjun Sharma,M,arjunsharma83@hms.com,B25538,+918234323162,2007-01-14
B25118,Arjun Das,M,arjundas68@hms.com,B25118,+918568438936,2005-06-23
B25514,Arjun Nair,M,arjunnair68@hms.com,B25514,+916799252828,2005-03-03
B25168,Ramesh Nair,M,rameshnair45@hms.com,B25168,+916148306432,2007-12-01
B25827,Arjun Pillai,M,arjunpillai77@hms.com,B25827,+917391875803,2006-09-16
B25973,Karthik Mehta,M,karthikmehta31@hms.com,B25973,+916689423665,2007-07-13
B25837,Vikram Verma,M,vikramverma25@hms.com,B25837,+916453168340,2004-08-23
B25851,Anand Joshi,M,anandjoshi85@hms.com,B25851,+918991451171,2006-10-19
B25678,Arjun Das,M,arjundas59@hms.com,B25678,+918266867066,2006-04-03
B25457,Rahul Reddy,M,rahulreddy67@hms.com,B25457,+918124619875,2005-11-08
B25652,Amit Mehta,M,amitmehta83@hms.com,B25652,+916951893851,2004-02-27
B25752,Karthik Sharma,M,karthiksharma72@hms.com,B25752,+918746657444,2007-06-18
B25952,Anand Ghosh,M,anandghosh96@hms.com,B25952,+918438078180,2004-08-07
B25496,Suresh Mehta,M,sureshmehta49@hms.com,B25496,+917390460335,2005-07-29
B25331,Amit Nair,M,amitnair21@hms.com,B25331,+917090693544,2007-05-25
B25734,Amit Pillai,M,amitpillai75@hms.com,B25734,+916494285681,2005-04-28
B25563,Arjun Iyer,M,arjuniyer48@hms.com,B25563,+917829555439,2005-02-15
B25223,Ramesh Joshi,M,rameshjoshi66@hms.com,B25223,+918203591369,2004-02-13
B25115,Karthik Verma,M,karthikverma49@hms.com,B25115,+918680267303,2007-01-03
B25580,Rohit Verma,M,rohitverma20@hms.com,B25580,+919031416357,2007-01-31
B25327,Arjun Verma,M,arjunverma25@hms.com,B25327,+918458333839,2005-05-25
B25260,Arjun Verma,M,arjunverma73@hms.com,B25260,+919395363154,2005-03-11
B25550,Rahul Nair,M,rahulnair44@hms.com,B25550,+917281790189,2007-10-21
B25290,Rohit Mehta,M,rohitmehta82@hms.com,B25290,+917376359146,2007-01-31
B25682,Karthik Nair,M,karthiknair21@hms.com,B25682,+919987907317,2005-05-31
B25643,Suresh Ghosh,M,sureshghosh80@hms.com,B25643,+919195442225,2007-10-26
B25906,Ramesh Reddy,M,rameshreddy96@hms.com,B25906,+916582949043,2007-04-15
B25788,Ramesh Iyer,M,rameshiyer36@hms.com,B25788,+918577879411,2004-10-23
B25328,Anand Iyer,M,anandiyer23@hms.com,B25328,+919001953388,2005-11-09
B25197,Arjun Reddy,M,arjunreddy18@hms.com,B25197,+916188720985,2004-09-21
B25100,Vikram Reddy,M,vikramreddy41@hms.com,B25100,+916326833240,2004-07-02
B25978,Vishal Verma,M,vishalverma28@hms.com,B25978,+916480604204,2004-04-25
B25393,Ramesh Iyer,M,rameshiyer87@hms.com,B25393,+918974501255,2006-07-17
B25755,Suresh Pillai,M,sureshpillai96@hms.com,B25755,+916819904020,2005-12-29
B25768,Suresh Reddy,M,sureshreddy15@hms.com,B25768,+918858780822,2004-01-17
B25353,Rahul Sharma,M,rahulsharma71@hms.com,B25353,+917320338358,2005-02-17
B25259,Anand Nair,M,anandnair56@hms.com,B25259,+916165374047,2007-10-15
B25818,Suresh Sharma,M,sureshsharma44@hms.com,B25818,+916277353587,2007-12-24
B25263,Amit Mehta,M,amitmehta49@hms.com,B25263,+919037233267,2006-06-23
B25532,Vikram Das,M,vikramdas65@hms.com,B25532,+916453250761,2005-01-18
B25436,Suresh Iyer,M,sureshiyer10@hms.com,B25436,+916395534634,2005-10-24
B25809,Suresh Ghosh,M,sureshghosh12@hms.com,B25809,+918751615478,2006-04-17
B25797,Ramesh Mehta,M,rameshmehta16@hms.com,B25797,+917790152304,2004-12-28
B25336,Vikram Nair,M,vikramnair85@hms.com,B25336,+918397586118,2006-03-18
B25469,Karthik Mehta,M,karthikmehta60@hms.com,B25469,+919672953126,2004-05-26
B25523,Anand Reddy,M,anandreddy60@hms.com,B25523,+917685786384,2007-03-27
B25389,Amit Das,M,amitdas50@hms.com,B25389,+916830066399,2006-12-31
B25150,Arjun Ghosh,M,arjunghosh56@hms.com,B25150,+916200706119,2005-10-28
B25572,Vishal Das,M,vishaldas59@hms.com,B25572,+917196565147,2007-04-17
B25997,Ramesh Mehta,M,rameshmehta67@hms.com,B25997,+919138496934,2007-08-03
B25744,Ramesh Nair,M,rameshnair71@hms.com,B25744,+916026781892,2007-03-22
B25265,Ramesh Ghosh,M,rameshghosh21@hms.com,B25265,+917950831406,2004-11-07
B25425,Karthik Joshi,M,karthikjoshi23@hms.com,B25425,+919148999764,2005-01-02
B25494,Vishal Mehta,M,vishalmehta83@hms.com,B25494,+919070537229,2007-02-01
B25202,Amit Verma,M,amitverma30@hms.com,B25202,+919223414729,2005-09-27
B25219,Karthik Nair,M,karthiknair38@hms.com,B25219,+919831337591,2006-05-11
B25794,Suresh Reddy,M,sureshreddy42@hms.com,B25794,+917140262970,2004-12-24
B25582,Karthik Verma,M,karthikverma45@hms.com,B25582,+919337383031,2005-05-08
B25925,Anand Das,M,ananddas16@hms.com,B25925,+919710652933,2007-09-29
B25944,Vikram Pillai,M,vikrampillai92@hms.com,B25944,+917226332387,2007-02-10
B25337,Arjun Iyer,M,arjuniyer58@hms.com,B25337,+917544609134,2005-11-19
B25779,Suresh Joshi,M,sureshjoshi80@hms.com,B25779,+916475107744,2004-05-02
B25663,Karthik Das,M,karthikdas56@hms.com,B25663,+918963428995,2006-12-21
B25125,Amit Ghosh,M,amitghosh82@hms.com,B25125,+918185449477,2006-12-25
B25720,Anand Sharma,M,anandsharma56@hms.com,B25720,+918142854886,2007-08-04
B25909,Rahul Mehta,M,rahulmehta88@hms.com,B25909,+916058623835,2005-12-18
B25557,Rahul Nair,M,rahulnair54@hms.com,B25557,+916726005446,2006-09-03
B25571,Anand Nair,M,anandnair83@hms.com,B25571,+916310184167,2007-07-26
B25278,Anand Verma,M,anandverma49@hms.com,B25278,+918593993165,2007-01-15
B25650,Amit Pillai,M,amitpillai57@hms.com,B25650,+918878266584,2006-08-17
B25910,Arjun Nair,M,arjunnair47@hms.com,B25910,+918956437747,2005-09-14
B25610,Vishal Das,M,vishaldas40@hms.com,B25610,+916512927895,2006-11-28
B25460,Anand Reddy,M,anandreddy74@hms.com,B25460,+919721850223,2005-03-29
B25235,Karthik Ghosh,M,karthikghosh24@hms.com,B25235,+918752985607,2004-08-31
B25549,Amit Reddy,M,amitreddy67@hms.com,B25549,+917963094915,2004-02-14
B25792,Vikram Pillai,M,vikrampillai57@hms.com,B25792,+918552220137,2007-06-29
B25292,Suresh Reddy,M,sureshreddy68@hms.com,B25292,+919060676689,2004-06-24
B25741,Vikram Ghosh,M,vikramghosh94@hms.com,B25741,+916398112808,2004-10-30
B25491,Rahul Pillai,M,rahulpillai70@hms.com,B25491,+918340159337,2004-06-06
B25531,Ramesh Sharma,M,rameshsharma68@hms.com,B25531,+918317617322,2004-08-19
B25323,Amit Pillai,M,amitpillai25@hms.com,B25323,+917521300004,2007-09-13
B25784,Karthik Ghosh,M,karthikghosh33@hms.com,B25784,+918024612204,2007-12-11
B25638,Rahul Verma,M,rahulverma92@hms.com,B25638,+916545137612,2005-04-11
B25335,Karthik Das,M,karthikdas93@hms.com,B25335,+916683544217,2006-08-03
B25566,Rahul Reddy,M,rahulreddy16@hms.com,B25566,+917729527370,2006-11-30
B25679,Suresh Iyer,M,sureshiyer72@hms.com,B25679,+919713707328,2005-05-03
B25849,Karthik Sharma,M,karthiksharma30@hms.com,B25849,+918493699392,2005-04-23
B25405,Suresh Das,M,sureshdas84@hms.com,B25405,+917683865486,2005-12-23
B25840,Arjun Pillai,M,arjunpillai21@hms.com,B25840,+918843661709,2006-02-19
B25595,Amit Pillai,M,amitpillai68@hms.com,B25595,+919993944446,2006-12-03
B25915,Rohit Iyer,M,rohitiyer29@hms.com,B25915,+916630423624,2004-02-13
B25598,Arjun Sharma,M,arjunsharma40@hms.com,B25598,+917866770143,2004-03-10
B25472,Rahul Nair,M,rahulnair74@hms.com,B25472,+918379603488,2004-02-06
B25723,Rohit Pillai,M,rohitpillai29@hms.com,B25723,+919940678486,2007-11-19
B25929,Amit Joshi,M,amitjoshi38@hms.com,B25929,+916094576305,2004-11-06
B25769,Amit Das,M,amitdas67@hms.com,B25769,+918078098811,2006-07-31
B25533,Arjun Mehta,M,arjunmehta27@hms.com,B25533,+916884677248,2005-11-15
B25621,Vikram Sharma,M,vikramsharma82@hms.com,B25621,+917177703390,2007-03-08
B25762,Arjun Joshi,M,arjunjoshi79@hms.com,B25762,+918185856404,2006-06-27
B25318,Amit Nair,M,amitnair41@hms.com,B25318,+917756554712,2004-07-19
B25464,Vikram Das,M,vikramdas31@hms.com,B25464,+916226269296,2006-04-29
B25176,Rahul Iyer,M,rahuliyer89@hms.com,B25176,+917651911569,2004-03-16
B25786,Rohit Ghosh,M,rohitghosh39@hms.com,B25786,+917398164969,2006-03-26
B25366,Vikram Sharma,M,vikramsharma35@hms.com,B25366,+916562077513,2007-10-20
B25261,Arjun Verma,M,arjunverma74@hms.com,B25261,+916366317468,2004-06-28
B25357,Rohit Iyer,M,rohitiyer86@hms.com,B25357,+919727887835,2007-01-14
B25630,Amit Reddy,M,amitreddy98@hms.com,B25630,+916372976391,2007-10-30
B25613,Vishal Ghosh,M,vishalghosh79@hms.com,B25613,+916844351190,2005-05-25
B25982,Suresh Das,M,sureshdas39@hms.com,B25982,+917552199899,2005-03-25
B25863,Suresh Reddy,M,sureshreddy49@hms.com,B25863,+916301415166,2005-12-16
B25242,Arjun Joshi,M,arjunjoshi92@hms.com,B25242,+918048579317,2005-01-06
B25975,Suresh Das,M,sureshdas29@hms.com,B25975,+918555168398,2005-06-29
B25685,Vishal Verma,M,vishalverma91@hms.com,B25685,+916885313991,2007-07-17
B25778,Anand Ghosh,M,anandghosh23@hms.com,B25778,+916370882531,2007-07-14
B25901,Rahul Iyer,M,rahuliyer60@hms.com,B25901,+916909002624,2007-06-05
B25410,Ramesh Iyer,M,rameshiyer29@hms.com,B25410,+916484615621,2006-10-28
B25334,Suresh Nair,M,sureshnair46@hms.com,B25334,+916920697482,2005-04-25
B25938,Vishal Sharma,M,vishalsharma44@hms.com,B25938,+918132448105,2006-10-01
B25249,Amit Nair,M,amitnair87@hms.com,B25249,+917849394809,2005-12-11
B25154,Amit Nair,M,amitnair84@hms.com,B25154,+919116326665,2007-07-06
B25492,Ramesh Pillai,M,rameshpillai94@hms.com,B25492,+916684548886,2004-03-07
B25656,Vikram Verma,M,vikramverma26@hms.com,B25656,+916946614437,2007-07-17
B25310,Anand Nair,M,anandnair54@hms.com,B25310,+917913327330,2006-07-31
B25671,Rahul Mehta,M,rahulmehta99@hms.com,B25671,+917188978909,2006-09-12
B25555,Amit Sharma,M,amitsharma80@hms.com,B25555,+918450568316,2004-06-27
B25213,Vishal Das,M,vishaldas24@hms.com,B25213,+919408588464,2006-02-12
B25647,Rohit Nair,M,rohitnair88@hms.com,B25647,+917922481435,2004-08-17
B25870,Arjun Joshi,M,arjunjoshi83@hms.com,B25870,+917544160649,2007-06-03
B25803,Vishal Mehta,M,vishalmehta31@hms.com,B25803,+917015132100,2005-05-30
B25618,Rahul Verma,M,rahulverma66@hms.com,B25618,+917353559604,2006-02-08
B25294,Vikram Nair,M,vikramnair68@hms.com,B25294,+916035429993,2004-04-01
B25880,Rahul Nair,M,rahulnair20@hms.com,B25880,+916210254414,2006-01-07
B25753,Suresh Verma,M,sureshverma99@hms.com,B25753,+917012550579,2005-01-04
B25230,Rohit Nair,M,rohitnair59@hms.com,B25230,+918441705332,2004-11-15
B25841,Suresh Joshi,M,sureshjoshi13@hms.com,B25841,+917725521253,2007-11-29
B25498,Amit Ghosh,M,amitghosh59@hms.com,B25498,+918098310038,2004-12-25
B25958,Karthik Reddy,M,karthikreddy39@hms.com,B25958,+918452216096,2006-03-02
B25764,Anand Joshi,M,anandjoshi37@hms.com,B25764,+916666236497,2006-04-23
B25999,Arjun Mehta,M,arjunmehta97@hms.com,B25999,+916735323778,2006-03-26
B25194,Suresh Nair,M,sureshnair71@hms.com,B25194,+917815650885,2006-09-09
B25738,Karthik Iyer,M,karthikiyer88@hms.com,B25738,+919527619510,2007-05-10
B25315,Rohit Das,M,rohitdas62@hms.com,B25315,+916398361208,2005-09-10
B25129,Vikram Sharma,M,vikramsharma94@hms.com,B25129,+918512676372,2006-04-08
B25608,Karthik Mehta,M,karthikmehta80@hms.com,B25608,+918085048208,2006-11-05
B25547,Anand Sharma,M,anandsharma78@hms.com,B25547,+918546253566,2005-05-30
B25322,Karthik Verma,M,karthikverma84@hms.com,B25322,+919629233122,2004-05-03
B25421,Anand Joshi,M,anandjoshi42@hms.com,B25421,+916780941703,2006-09-05
B25387,Suresh Das,M,sureshdas17@hms.com,B25387,+919108260315,2007-06-14
B25867,Ramesh Ghosh,M,rameshghosh50@hms.com,B25867,+917751214866,2004-03-04
B25829,Anand Reddy,M,anandreddy86@hms.com,B25829,+918678433087,2006-03-14
B25452,Karthik Pillai,M,karthikpillai90@hms.com,B25452,+917367008415,2004-03-14
B25447,Ramesh Verma,M,rameshverma83@hms.com,B25447,+918495467111,2007-11-26
B25869,Rohit Reddy,M,rohitreddy13@hms.com,B25869,+918079076135,2004-12-12
B25887,Suresh Ghosh,M,sureshghosh97@hms.com,B25887,+919846630348,2007-07-02
B25589,Vikram Joshi,M,vikramjoshi95@hms.com,B25589,+918852328602,2006-09-07
B25956,Rahul Pillai,M,rahulpillai49@hms.com,B25956,+916418182605,2004-07-15
B25911,Vishal Verma,M,vishalverma34@hms.com,B25911,+918436316022,2005-08-14
B25565,Anand Nair,M,anandnair58@hms.com,B25565,+919221730146,2005-03-21
B25693,Amit Mehta,M,amitmehta22@hms.com,B25693,+918857828509,2005-09-17
B25456,Arjun Nair,M,arjunnair36@hms.com,B25456,+917999031411,2004-02-18
B25967,Suresh Iyer,M,sureshiyer42@hms.com,B25967,+918503922462,2005-09-18
B25151,Vishal Das,M,vishaldas73@hms.com,B25151,+916151044333,2006-05-24
B25689,Karthik Mehta,M,karthikmehta25@hms.com,B25689,+916508719964,2006-10-20
B25562,Vishal Ghosh,M,vishalghosh39@hms.com,B25562,+918344654842,2007-10-29
B25507,Vikram Joshi,M,vikramjoshi79@hms.com,B25507,+916712624483,2005-03-26
B25114,Ramesh Mehta,M,rameshmehta45@hms.com,B25114,+916281217378,2005-10-11
B25412,Rohit Pillai,M,rohitpillai26@hms.com,B25412,+916217512826,2005-04-20
B25502,Rahul Joshi,M,rahuljoshi60@hms.com,B25502,+917024279610,2007-01-08
B25942,Rahul Verma,M,rahulverma19@hms.com,B25942,+917797666065,2007-07-28
B25312,Arjun Mehta,M,arjunmehta93@hms.com,B25312,+918249119531,2006-06-05
B25902,Arjun Ghosh,M,arjunghosh60@hms.com,B25902,+916276282117,2007-02-28
B25485,Ramesh Nair,M,rameshnair86@hms.com,B25485,+917925730405,2006-03-12
B25458,Ramesh Verma,M,rameshverma98@hms.com,B25458,+917169836036,2006-11-23
B25576,Rahul Joshi,M,rahuljoshi11@hms.com,B25576,+918895805847,2004-09-09
B25655,Vishal Iyer,M,vishaliyer11@hms.com,B25655,+916256266597,2005-06-06
B25441,Rahul Das,M,rahuldas65@hms.com,B25441,+919368421979,2006-11-12
B25833,Anand Mehta,M,anandmehta44@hms.com,B25833,+918420262171,2004-12-20
B25439,Ramesh Mehta,M,rameshmehta28@hms.com,B25439,+916681236418,2006-05-23
B25455,Rohit Iyer,M,rohitiyer97@hms.com,B25455,+916060927572,2007-06-24
B25772,Ramesh Iyer,M,rameshiyer61@hms.com,B25772,+916598943116,2005-09-09
B25529,Vishal Joshi,M,vishaljoshi38@hms.com,B25529,+919243407113,2004-08-02
B25186,Arjun Ghosh,M,arjunghosh18@hms.com,B25186,+916462600129,2006-07-03
B25392,Karthik Sharma,M,karthiksharma51@hms.com,B25392,+918570065220,2005-07-23
B25138,Amit Sharma,M,amitsharma92@hms.com,B25138,+919644364642,2006-11-03
B25602,Suresh Reddy,M,sureshreddy78@hms.com,B25602,+916781045866,2004-04-03
B25668,Vishal Nair,M,vishalnair36@hms.com,B25668,+919320175038,2005-09-07
B25247,Rahul Mehta,M,rahulmehta44@hms.com,B25247,+916214838245,2004-05-18
B25463,Amit Iyer,M,amitiyer58@hms.com,B25463,+917114116138,2004-03-18
B25709,Arjun Das,M,arjundas38@hms.com,B25709,+917685349967,2005-04-18
B25781,Arjun Pillai,M,arjunpillai39@hms.com,B25781,+919629207274,2006-02-12
B25192,Anand Sharma,M,anandsharma33@hms.com,B25192,+916130943647,2004-05-16
B25691,Rohit Sharma,M,rohitsharma33@hms.com,B25691,+916766748714,2005-09-25
B25171,Anand Reddy,M,anandreddy35@hms.com,B25171,+918436867585,2005-12-11
B25483,Anand Nair,M,anandnair43@hms.com,B25483,+917172726008,2005-08-01
B25153,Anand Mehta,M,anandmehta96@hms.com,B25153,+919383313276,2007-06-12
B25992,Anand Verma,M,anandverma81@hms.com,B25992,+919044497823,2007-06-15
B25570,Anand Iyer,M,anandiyer18@hms.com,B25570,+916960627983,2007-11-08
B25637,Ramesh Mehta,M,rameshmehta27@hms.com,B25637,+918341126455,2004-04-17
B25642,Rahul Pillai,M,rahulpillai38@hms.com,B25642,+919232933042,2007-01-27
B25930,Rohit Mehta,M,rohitmehta99@hms.com,B25930,+919515864102,2007-11-11
B25537,Vikram Joshi,M,vikramjoshi54@hms.com,B25537,+917734645737,2004-02-21
B25986,Rohit Joshi,M,rohitjoshi45@hms.com,B25986,+918676205274,2005-05-17
B25178,Anand Iyer,M,anandiyer45@hms.com,B25178,+919463575326,2006-08-19
B25373,Vishal Verma,M,vishalverma46@hms.com,B25373,+917328598051,2007-09-12
B25382,Anand Mehta,M,anandmehta83@hms.com,B25382,+917446728449,2005-10-17
B25674,Rohit Iyer,M,rohitiyer80@hms.com,B25674,+917447776363,2004-03-29
B25611,Vikram Pillai,M,vikrampillai91@hms.com,B25611,+917103581189,2004-12-27
B25574,Vishal Ghosh,M,vishalghosh98@hms.com,B25574,+918218492691,2004-10-02
B25471,Suresh Ghosh,M,sureshghosh29@hms.com,B25471,+919771548380,2007-02-25
B25266,Suresh Ghosh,M,sureshghosh49@hms.com,B25266,+917385546705,2005-04-16
B25702,Anand Reddy,M,anandreddy39@hms.com,B25702,+919558713661,2006-05-25
B25882,Vishal Ghosh,M,vishalghosh23@hms.com,B25882,+918568063422,2005-07-07
B25800,Suresh Mehta,M,sureshmehta48@hms.com,B25800,+917466809005,2007-08-29
B25395,Anand Ghosh,M,anandghosh27@hms.com,B25395,+919819537165,2005-08-04
B25990,Suresh Das,M,sureshdas81@hms.com,B25990,+918924945326,2007-09-15
B25551,Suresh Verma,M,sureshverma26@hms.com,B25551,+918850551527,2006-08-24
B25451,Ramesh Das,M,rameshdas68@hms.com,B25451,+918239925802,2004-02-11
B25454,Ramesh Reddy,M,rameshreddy28@hms.com,B25454,+916295511895,2004-05-13
B25855,Arjun Das,M,arjundas83@hms.com,B25855,+919955247335,2007-03-01
B25152,Arjun Reddy,M,arjunreddy91@hms.com,B25152,+917839110388,2007-12-07
B25605,Karthik Pillai,M,karthikpillai83@hms.com,B25605,+918348946661,2004-08-23
B25400,Rohit Verma,M,rohitverma98@hms.com,B25400,+918522277784,2006-11-01
B25437,Arjun Das,M,arjundas97@hms.com,B25437,+918300379961,2004-02-27
B25526,Ramesh Mehta,M,rameshmehta82@hms.com,B25526,+916429785993,2007-03-11
B25977,Arjun Pillai,M,arjunpillai29@hms.com,B25977,+919235045947,2006-11-11
B25699,Amit Pillai,M,amitpillai84@hms.com,B25699,+918739464758,2004-02-01
B25716,Anand Reddy,M,anandreddy12@hms.com,B25716,+917192883485,2005-03-19
B25367,Arjun Reddy,M,arjunreddy95@hms.com,B25367,+916480741318,2004-08-08
B25641,Vishal Nair,M,vishalnair14@hms.com,B25641,+918678900885,2006-01-28
B25615,Rahul Ghosh,M,rahulghosh66@hms.com,B25615,+916575468166,2007-12-29
B25407,Karthik Verma,M,karthikverma92@hms.com,B25407,+917151962363,2004-08-27
B25838,Amit Verma,M,amitverma29@hms.com,B25838,+919081799159,2007-11-26
B25120,Vishal Sharma,M,vishalsharma56@hms.com,B25120,+919966858256,2004-01-14
B25725,Arjun Joshi,M,arjunjoshi27@hms.com,B25725,+918265517807,2006-07-23
B25842,Vikram Iyer,M,vikramiyer24@hms.com,B25842,+916892611421,2005-08-10
B25940,Rohit Pillai,M,rohitpillai64@hms.com,B25940,+916613089499,2007-02-22
B25594,Vishal Pillai,M,vishalpillai93@hms.com,B25594,+916545833168,2007-01-13
B25475,Rahul Verma,M,rahulverma41@hms.com,B25475,+918056644319,2007-06-26
B25286,Vishal Nair,M,vishalnair78@hms.com,B25286,+919208518728,2007-10-04
B25177,Amit Sharma,M,amitsharma78@hms.com,B25177,+917459120573,2007-12-21
B25845,Karthik Pillai,M,karthikpillai85@hms.com,B25845,+916845939148,2004-05-27
B25578,Karthik Pillai,M,karthikpillai26@hms.com,B25578,+919650715055,2004-05-23
B25904,Arjun Mehta,M,arjunmehta95@hms.com,B25904,+916377968556,2005-08-02
B25415,Rohit Pillai,M,rohitpillai80@hms.com,B25415,+919500095645,2004-08-08
B25165,Karthik Iyer,M,karthikiyer51@hms.com,B25165,+917851111049,2006-11-19
B25672,Rohit Iyer,M,rohitiyer39@hms.com,B25672,+916734004019,2004-07-27
B25427,Vishal Reddy,M,vishalreddy20@hms.com,B25427,+918149661373,2006-03-08
B25881,Arjun Pillai,M,arjunpillai24@hms.com,B25881,+918311595530,2004-03-23
B25951,Suresh Ghosh,M,sureshghosh50@hms.com,B25951,+917188283917,2007-07-16
B25989,Vikram Nair,M,vikramnair26@hms.com,B25989,+919542186580,2005-09-09
B25971,Suresh Iyer,M,sureshiyer77@hms.com,B25971,+917314436047,2004-05-30
B25438,Anand Sharma,M,anandsharma30@hms.com,B25438,+916953018226,2007-04-10
B25751,Rahul Joshi,M,rahuljoshi91@hms.com,B25751,+917449676723,2005-09-22
B25703,Ramesh Iyer,M,rameshiyer47@hms.com,B25703,+916618055677,2006-08-19
B25155,Anand Sharma,M,anandsharma44@hms.com,B25155,+917153979927,2006-04-30
B25825,Ramesh Das,M,rameshdas80@hms.com,B25825,+919890416381,2006-09-12
B25561,Vishal Das,M,vishaldas22@hms.com,B25561,+917588574826,2004-07-09
B25756,Amit Mehta,M,amitmehta73@hms.com,B25756,+918080677434,2004-08-16
B25964,Arjun Mehta,M,arjunmehta77@hms.com,B25964,+919384990304,2004-12-09
B25592,Rahul Iyer,M,rahuliyer63@hms.com,B25592,+917116992609,2007-05-28
B25817,Arjun Mehta,M,arjunmehta10@hms.com,B25817,+917987447491,2005-08-20
B25991,Amit Sharma,M,amitsharma44@hms.com,B25991,+918156083964,2007-08-21
B25748,Anand Sharma,M,anandsharma58@hms.com,B25748,+916838902935,2004-04-24
B25782,Vikram Verma,M,vikramverma93@hms.com,B25782,+917972733579,2005-03-27
B25816,Rohit Nair,M,rohitnair13@hms.com,B25816,+918890429869,2004-12-07
B25933,Arjun Joshi,M,arjunjoshi10@hms.com,B25933,+919275380647,2007-01-29
B25113,Vikram Joshi,M,vikramjoshi66@hms.com,B25113,+918932986962,2005-02-09
B25397,Arjun Sharma,M,arjunsharma90@hms.com,B25397,+919779870501,2004-06-30
B25390,Rahul Pillai,M,rahulpillai69@hms.com,B25390,+919732125701,2005-01-16
B25543,Arjun Sharma,M,arjunsharma52@hms.com,B25543,+917582168211,2006-03-06
B25695,Vikram Nair,M,vikramnair15@hms.com,B25695,+918065595177,2005-02-13
B25995,Rohit Pillai,M,rohitpillai97@hms.com,B25995,+919060772754,2006-03-30
B25726,Vishal Ghosh,M,vishalghosh62@hms.com,B25726,+919839962111,2006-11-28
B25193,Ramesh Joshi,M,rameshjoshi73@hms.com,B25193,+918532233397,2006-02-23
B25808,Vishal Pillai,M,vishalpillai37@hms.com,B25808,+917011913791,2007-04-01
B25754,Vikram Sharma,M,vikramsharma60@hms.com,B25754,+917705462633,2007-07-29
B25470,Amit Pillai,M,amitpillai81@hms.com,B25470,+917815844549,2007-11-18
B25301,Rohit Mehta,M,rohitmehta63@hms.com,B25301,+916289572572,2007-08-31
B25348,Ramesh Joshi,M,rameshjoshi62@hms.com,B25348,+919505935666,2006-12-11
B25185,Vishal Nair,M,vishalnair12@hms.com,B25185,+917872334622,2007-02-06
B25198,Vikram Das,M,vikramdas54@hms.com,B25198,+918004428635,2005-05-07
B25384,Karthik Mehta,M,karthikmehta18@hms.com,B25384,+918274587485,2007-11-21
B25828,Amit Reddy,M,amitreddy91@hms.com,B25828,+917141353685,2005-02-11
B25586,Anand Nair,M,anandnair41@hms.com,B25586,+917427618015,2006-08-29
B25307,Rohit Ghosh,M,rohitghosh58@hms.com,B25307,+916559667535,2007-04-02
B25116,Rohit Ghosh,M,rohitghosh62@hms.com,B25116,+919955425931,2004-09-24
B25524,Rohit Das,M,rohitdas16@hms.com,B25524,+917979261647,2005-01-11
B25928,Arjun Nair,M,arjunnair80@hms.com,B25928,+917563260926,2004-08-01
B25183,Vishal Pillai,M,vishalpillai59@hms.com,B25183,+918750150513,2007-03-26
B25700,Rohit Reddy,M,rohitreddy49@hms.com,B25700,+918358327882,2004-07-19
B25109,Rahul Ghosh,M,rahulghosh38@hms.com,B25109,+917497603962,2006-06-15
B25715,Ramesh Reddy,M,rameshreddy38@hms.com,B25715,+918176514262,2004-05-04
B25333,Vikram Ghosh,M,vikramghosh43@hms.com,B25333,+916410324068,2004-11-27
B25765,Vishal Sharma,M,vishalsharma55@hms.com,B25765,+916990980359,2005-09-22
B25423,Rahul Iyer,M,rahuliyer55@hms.com,B25423,+919942179840,2005-02-13
B25245,Rohit Nair,M,rohitnair32@hms.com,B25245,+918006422497,2004-02-19
B25221,Vikram Joshi,M,vikramjoshi71@hms.com,B25221,+917234670786,2007-07-29
B25143,Rahul Verma,M,rahulverma80@hms.com,B25143,+917854866808,2004-03-24
B25270,Anand Joshi,M,anandjoshi88@hms.com,B25270,+916343097259,2004-07-13
B25540,Suresh Joshi,M,sureshjoshi15@hms.com,B25540,+917672206830,2007-06-17
B25180,Arjun Verma,M,arjunverma37@hms.com,B25180,+919888443347,2006-02-27
B25201,Karthik Das,M,karthikdas46@hms.com,B25201,+916210745762,2004-11-01
B25604,Arjun Verma,M,arjunverma16@hms.com,B25604,+919275305210,2007-02-01
B25303,Rohit Sharma,M,rohitsharma14@hms.com,B25303,+917666267787,2004-08-05
B25229,Rohit Das,M,rohitdas58@hms.com,B25229,+918497606090,2007-02-15
B25254,Arjun Mehta,M,arjunmehta67@hms.com,B25254,+919694155674,2004-11-07
B25250,Vikram Joshi,M,vikramjoshi87@hms.com,B25250,+917573872538,2006-01-31
B25903,Karthik Verma,M,karthikverma56@hms.com,B25903,+916901065973,2005-08-07
B25830,Suresh Sharma,M,sureshsharma28@hms.com,B25830,+918842813047,2004-04-12
B25432,Karthik Reddy,M,karthikreddy74@hms.com,B25432,+917641060853,2004-05-18
B25639,Suresh Nair,M,sureshnair10@hms.com,B25639,+918197350062,2006-08-14
B25884,Rahul Pillai,M,rahulpillai16@hms.com,B25884,+917440460703,2006-07-09
B25204,Vikram Das,M,vikramdas85@hms.com,B25204,+918782603201,2004-06-05
B25478,Arjun Ghosh,M,arjunghosh82@hms.com,B25478,+917949753955,2004-10-06
B25985,Rahul Reddy,M,rahulreddy84@hms.com,B25985,+916338174623,2007-10-04
B25300,Vikram Nair,M,vikramnair19@hms.com,B25300,+917816000067,2007-01-30
B25687,Karthik Joshi,M,karthikjoshi35@hms.com,B25687,+916940480472,2007-05-01
B25510,Arjun Joshi,M,arjunjoshi71@hms.com,B25510,+918070441987,2006-10-04
B25141,Rohit Reddy,M,rohitreddy34@hms.com,B25141,+917558809036,2004-06-10
B25588,Ramesh Mehta,M,rameshmehta33@hms.com,B25588,+917270882731,2006-05-08
B25824,Ramesh Ghosh,M,rameshghosh20@hms.com,B25824,+917875205151,2006-06-02
B25241,Rohit Reddy,M,rohitreddy69@hms.com,B25241,+918915199109,2004-08-13
B25891,Arjun Reddy,M,arjunreddy73@hms.com,B25891,+919257507418,2004-04-11
B25429,Vishal Nair,M,vishalnair68@hms.com,B25429,+917643083086,2006-02-16
B25542,Karthik Das,M,karthikdas96@hms.com,B25542,+916598600426,2006-04-06
B25894,Arjun Sharma,M,arjunsharma31@hms.com,B25894,+918918115151,2006-03-18
B25396,Karthik Mehta,M,karthikmehta50@hms.com,B25396,+919243011991,2004-07-31
B25346,Anand Iyer,M,anandiyer71@hms.com,B25346,+917420941607,2004-04-01
B25195,Rahul Verma,M,rahulverma31@hms.com,B25195,+918606685962,2004-05-20
B25822,Arjun Sharma,M,arjunsharma13@hms.com,B25822,+919962944128,2005-02-14
B25931,Suresh Mehta,M,sureshmehta43@hms.com,B25931,+918965924047,2004-04-04
B25527,Vishal Sharma,M,vishalsharma15@hms.com,B25527,+919992032524,2007-02-24
B25332,Amit Joshi,M,amitjoshi69@hms.com,B25332,+919738500466,2004-06-30
B25810,Karthik Verma,M,karthikverma71@hms.com,B25810,+919035606819,2006-03-13
B25283,Rahul Mehta,M,rahulmehta95@hms.com,B25283,+917633108652,2004-06-18
B25917,Vishal Ghosh,M,vishalghosh49@hms.com,B25917,+916216142278,2004-07-13
B25665,Karthik Sharma,M,karthiksharma38@hms.com,B25665,+917625940271,2006-11-16
B25462,Vikram Sharma,M,vikramsharma48@hms.com,B25462,+919289801592,2006-09-01
B25474,Karthik Ghosh,M,karthikghosh42@hms.com,B25474,+918885765296,2007-02-25
B25273,Suresh Nair,M,sureshnair34@hms.com,B25273,+918777936157,2005-03-21
B25385,Ramesh Sharma,M,rameshsharma33@hms.com,B25385,+918292008802,2007-07-20
B25731,Rohit Mehta,M,rohitmehta64@hms.com,B25731,+919834125606,2007-02-03
B25131,Karthik Reddy,M,karthikreddy55@hms.com,B25131,+918262655393,2005-05-19
B25225,Vikram Verma,M,vikramverma84@hms.com,B25225,+916087630545,2007-02-28
B25922,Arjun Ghosh,M,arjunghosh45@hms.com,B25922,+919721116689,2006-02-23
B25302,Anand Mehta,M,anandmehta79@hms.com,B25302,+916475212192,2004-12-26
B25735,Vikram Reddy,M,vikramreddy28@hms.com,B25735,+919899965101,2004-01-06
B25371,Anand Reddy,M,anandreddy45@hms.com,B25371,+918536112753,2007-10-08
B25383,Amit Reddy,M,amitreddy12@hms.com,B25383,+918077751575,2006-10-10
B25730,Rahul Sharma,M,rahulsharma69@hms.com,B25730,+916448103396,2005-09-18
B25212,Vikram Pillai,M,vikrampillai23@hms.com,B25212,+916559939492,2004-04-13
B25170,Vishal Mehta,M,vishalmehta20@hms.com,B25170,+917124690251,2006-04-18
B25673,Ramesh Das,M,rameshdas69@hms.com,B25673,+917232940285,2004-08-29
B25147,Vishal Iyer,M,vishaliyer47@hms.com,B25147,+916467723092,2006-09-16
B25296,Rahul Nair,M,rahulnair33@hms.com,B25296,+917982849726,2005-01-14
B25184,Suresh Reddy,M,sureshreddy10@hms.com,B25184,+917125612523,2006-03-12
B25257,Rahul Mehta,M,rahulmehta26@hms.com,B25257,+917530342037,2004-05-26
B25789,Karthik Das,M,karthikdas17@hms.com,B25789,+916786456454,2007-06-03
B25518,Rohit Ghosh,M,rohitghosh68@hms.com,B25518,+916416349493,2007-10-18
B25504,Amit Verma,M,amitverma74@hms.com,B25504,+918713865550,2005-02-24
B25106,Karthik Verma,M,karthikverma30@hms.com,B25106,+918153195462,2005-03-13
B25935,Rohit Verma,M,rohitverma56@hms.com,B25935,+917318422398,2006-10-20
B25722,Suresh Joshi,M,sureshjoshi42@hms.com,B25722,+919294464110,2006-09-29
B25579,Ramesh Joshi,M,rameshjoshi49@hms.com,B25579,+919859182331,2007-06-14
B25761,Anand Reddy,M,anandreddy30@hms.com,B25761,+916378798816,2005-03-23
B25214,Vishal Ghosh,M,vishalghosh64@hms.com,B25214,+917462113781,2005-08-04
B25541,Rahul Pillai,M,rahulpillai21@hms.com,B25541,+918058495827,2007-04-18
B25787,Anand Sharma,M,anandsharma62@hms.com,B25787,+916132182668,2007-01-06
B25660,Suresh Das,M,sureshdas14@hms.com,B25660,+918201140311,2004-10-31
B25587,Rohit Das,M,rohitdas71@hms.com,B25587,+916493986325,2007-10-06
B25326,Arjun Ghosh,M,arjunghosh34@hms.com,B25326,+919063099610,2007-09-26
B25111,Vikram Iyer,M,vikramiyer10@hms.com,B25111,+919282164526,2005-09-21
B25459,Suresh Das,M,sureshdas41@hms.com,B25459,+916056488465,2005-01-02
B25927,Karthik Nair,M,karthiknair36@hms.com,B25927,+919514179003,2006-08-01
B25914,Suresh Mehta,M,sureshmehta84@hms.com,B25914,+919094212742,2004-06-16
B25684,Vishal Das,M,vishaldas27@hms.com,B25684,+918233082654,2006-05-29
B25173,Arjun Pillai,M,arjunpillai23@hms.com,B25173,+919036349485,2006-02-26
B25651,Ramesh Iyer,M,rameshiyer78@hms.com,B25651,+918453575917,2004-07-16
B25936,Anand Joshi,M,anandjoshi49@hms.com,B25936,+916044190503,2006-05-04
B25719,Rohit Nair,M,rohitnair92@hms.com,B25719,+919055453958,2005-10-16
B25676,Suresh Mehta,M,sureshmehta44@hms.com,B25676,+916215495503,2006-06-10
B25757,Anand Nair,M,anandnair64@hms.com,B25757,+917810365738,2005-03-23
B25208,Rohit Verma,M,rohitverma77@hms.com,B25208,+917683236906,2007-06-29
B25516,Suresh Nair,M,sureshnair36@hms.com,B25516,+916725984699,2007-01-18
B25220,Suresh Das,M,sureshdas19@hms.com,B25220,+917867054821,2005-02-10
B25158,Vishal Mehta,M,vishalmehta79@hms.com,B25158,+919651050480,2006-05-26
B25363,Vishal Verma,M,vishalverma62@hms.com,B25363,+916531399240,2005-05-03
B25375,Anand Joshi,M,anandjoshi71@hms.com,B25375,+917657350227,2006-06-27
B25473,Amit Sharma,M,amitsharma30@hms.com,B25473,+918961766992,2004-02-12
B25856,Suresh Mehta,M,sureshmehta53@hms.com,B25856,+919352936629,2006-03-23
B25536,Vishal Iyer,M,vishaliyer52@hms.com,B25536,+917119625658,2004-11-21
B25868,Anand Verma,M,anandverma31@hms.com,B25868,+916483932830,2005-11-09
B25199,Rohit Sharma,M,rohitsharma22@hms.com,B25199,+917120564638,2004-09-23
B25132,Vikram Reddy,M,vikramreddy36@hms.com,B25132,+916341546263,2005-04-21
B25487,Amit Verma,M,amitverma71@hms.com,B25487,+917950091342,2006-08-16
B25708,Arjun Sharma,M,arjunsharma95@hms.com,B25708,+917677608060,2004-01-19
B25773,Amit Pillai,M,amitpillai11@hms.com,B25773,+917590241948,2006-09-09
B25558,Ramesh Verma,M,rameshverma93@hms.com,B25558,+917248583514,2006-06-26
B25349,Rahul Das,M,rahuldas19@hms.com,B25349,+919776356844,2007-06-04
B25285,Arjun Mehta,M,arjunmehta18@hms.com,B25285,+916436336514,2006-04-09
B25567,Anand Sharma,M,anandsharma96@hms.com,B25567,+916897179545,2007-01-22
B25798,Vikram Verma,M,vikramverma34@hms.com,B25798,+918251577834,2005-02-12
B25509,Amit Ghosh,M,amitghosh86@hms.com,B25509,+917192211257,2007-11-05
B25924,Rahul Das,M,rahuldas29@hms.com,B25924,+918104215077,2006-01-14
B25826,Anand Verma,M,anandverma65@hms.com,B25826,+917822993444,2004-12-12
B25227,Amit Verma,M,amitverma27@hms.com,B25227,+916724417524,2007-11-21
B25737,Ramesh Verma,M,rameshverma77@hms.com,B25737,+918946672743,2005-05-11
B25823,Vikram Nair,M,vikramnair84@hms.com,B25823,+919926391048,2006-01-09
B25983,Rahul Nair,M,rahulnair77@hms.com,B25983,+919294499154,2005-04-28
B25345,Rahul Ghosh,M,rahulghosh99@hms.com,B25345,+918123584170,2007-03-10
B25601,Rohit Ghosh,M,rohitghosh76@hms.com,B25601,+917723254202,2007-03-24
B25955,Karthik Das,M,karthikdas77@hms.com,B25955,+918057498165,2005-12-11
B25358,Rahul Iyer,M,rahuliyer13@hms.com,B25358,+917909119884,2005-10-19
B25619,Vikram Das,M,vikramdas17@hms.com,B25619,+918799703263,2004-09-19
B25968,Rohit Das,M,rohitdas54@hms.com,B25968,+919252838326,2007-10-04
B25706,Arjun Verma,M,arjunverma96@hms.com,B25706,+917015873617,2004-11-30
B25279,Rohit Das,M,rohitdas48@hms.com,B25279,+917753889836,2005-02-02
B25804,Rahul Joshi,M,rahuljoshi52@hms.com,B25804,+917343317160,2005-10-13
B25739,Vikram Iyer,M,vikramiyer29@hms.com,B25739,+918802872099,2004-10-16
B25553,Arjun Verma,M,arjunverma54@hms.com,B25553,+919830379004,2007-11-27
B25228,Amit Joshi,M,amitjoshi47@hms.com,B25228,+919903704103,2006-11-27
B25875,Anand Reddy,M,anandreddy76@hms.com,B25875,+918152986429,2005-11-10
B25777,Arjun Verma,M,arjunverma63@hms.com,B25777,+917809481237,2007-09-26
B25585,Ramesh Joshi,M,rameshjoshi32@hms.com,B25585,+916904937315,2004-06-24
B25799,Vikram Nair,M,vikramnair31@hms.com,B25799,+917927072382,2004-01-04
B25705,Ramesh Pillai,M,rameshpillai73@hms.com,B25705,+918018045300,2007-12-06
B25776,Ramesh Mehta,M,rameshmehta58@hms.com,B25776,+916167849692,2004-03-05
B25987,Vikram Pillai,M,vikrampillai17@hms.com,B25987,+916959226606,2007-07-22
B25937,Ramesh Pillai,M,rameshpillai54@hms.com,B25937,+917190921793,2004-07-03
B25403,Amit Iyer,M,amitiyer57@hms.com,B25403,+917100530727,2005-04-29
B25727,Vishal Das,M,vishaldas14@hms.com,B25727,+917491657210,2007-10-11
B25899,Anand Reddy,M,anandreddy26@hms.com,B25899,+917548229474,2005-08-09
B25969,Karthik Pillai,M,karthikpillai39@hms.com,B25969,+919079758834,2004-01-30
B25416,Rahul Pillai,M,rahulpillai99@hms.com,B25416,+919554072570,2006-02-24
B25993,Anand Reddy,M,anandreddy58@hms.com,B25993,+917467098041,2006-01-18
B25352,Ramesh Mehta,M,rameshmehta14@hms.com,B25352,+917388970333,2006-10-20
B25976,Arjun Iyer,M,arjuniyer13@hms.com,B25976,+916078854413,2005-04-14
B25885,Suresh Verma,M,sureshverma41@hms.com,B25885,+916804624724,2004-02-15
B25669,Ramesh Ghosh,M,rameshghosh24@hms.com,B25669,+918969790635,2007-02-07
B25102,Karthik Pillai,M,karthikpillai38@hms.com,B25102,+918577245019,2005-08-13
B25117,Rahul Verma,M,rahulverma46@hms.com,B25117,+918425358575,2005-03-18
B25466,Anand Pillai,M,anandpillai61@hms.com,B25466,+918033592111,2005-12-13
B25683,Suresh Iyer,M,sureshiyer90@hms.com,B25683,+916587283789,2005-02-24
B25980,Ramesh Sharma,M,rameshsharma35@hms.com,B25980,+918319608185,2004-12-13
B25417,Rahul Nair,M,rahulnair37@hms.com,B25417,+917261750224,2007-07-19
B25729,Arjun Verma,M,arjunverma23@hms.com,B25729,+919223442040,2004-09-20
B25465,Suresh Nair,M,sureshnair79@hms.com,B25465,+917719733817,2006-07-09
B25381,Suresh Sharma,M,sureshsharma88@hms.com,B25381,+917922295273,2004-06-24
B25251,Rohit Verma,M,rohitverma36@hms.com,B25251,+919389502133,2006-01-01
B25688,Ramesh Joshi,M,rameshjoshi88@hms.com,B25688,+919301431453,2007-01-04
B25401,Vishal Reddy,M,vishalreddy81@hms.com,B25401,+917476397963,2004-09-26
B25267,Arjun Reddy,M,arjunreddy70@hms.com,B25267,+917988023252,2005-12-31
B25568,Anand Mehta,M,anandmehta49@hms.com,B25568,+916158114939,2006-04-01
B25388,Vishal Mehta,M,vishalmehta80@hms.com,B25388,+919748678020,2006-06-08
B25820,Anand Iyer,M,anandiyer53@hms.com,B25820,+919085587838,2004-12-12
B25948,Amit Nair,M,amitnair15@hms.com,B25948,+917240507958,2007-05-22
B25923,Suresh Verma,M,sureshverma33@hms.com,B25923,+917844818539,2006-07-22
B25811,Vishal Joshi,M,vishaljoshi15@hms.com,B25811,+919465892666,2005-05-27
B25644,Vikram Pillai,M,vikrampillai41@hms.com,B25644,+918480142163,2007-09-30
B25446,Rahul Joshi,M,rahuljoshi98@hms.com,B25446,+917377658655,2005-05-06
B25623,Vikram Joshi,M,vikramjoshi59@hms.com,B25623,+916242024153,2005-04-19
B25253,Amit Joshi,M,amitjoshi95@hms.com,B25253,+918478449460,2005-04-12
B25857,Anand Sharma,M,anandsharma55@hms.com,B25857,+917211123755,2005-02-08
B25848,Suresh Verma,M,sureshverma45@hms.com,B25848,+918264676462,2007-10-30
B25544,Vishal Sharma,M,vishalsharma57@hms.com,B25544,+916320255202,2005-09-30
B25506,Rohit Reddy,M,rohitreddy28@hms.com,B25506,+917610297257,2007-07-08
B25142,Ramesh Nair,M,rameshnair67@hms.com,B25142,+916485440002,2004-09-23
B25317,Karthik Nair,M,karthiknair27@hms.com,B25317,+916859604036,2007-05-30
B25802,Amit Das,M,amitdas42@hms.com,B25802,+917775356686,2005-01-13
B25877,Suresh Mehta,M,sureshmehta90@hms.com,B25877,+919654010855,2005-10-16
B25612,Vishal Verma,M,vishalverma77@hms.com,B25612,+917618578765,2004-05-23
B25380,Rahul Mehta,M,rahulmehta39@hms.com,B25380,+918411649132,2005-03-12
B25484,Vikram Nair,M,vikramnair49@hms.com,B25484,+919872466602,2007-08-02
B25627,Anand Sharma,M,anandsharma35@hms.com,B25627,+916489718599,2004-07-16
B25512,Rohit Joshi,M,rohitjoshi70@hms.com,B25512,+917393797853,2005-02-26
B25750,Anand Verma,M,anandverma84@hms.com,B25750,+919175134705,2005-07-12
B25288,Suresh Das,M,sureshdas18@hms.com,B25288,+916142086649,2007-12-18
B25974,Ramesh Mehta,M,rameshmehta70@hms.com,B25974,+919159901687,2005-04-19
B25893,Ramesh Reddy,M,rameshreddy33@hms.com,B25893,+919763883444,2006-09-06
B25965,Rahul Iyer,M,rahuliyer96@hms.com,B25965,+917900982325,2004-06-23
B25360,Vishal Iyer,M,vishaliyer35@hms.com,B25360,+917349499456,2004-06-23
B25420,Arjun Iyer,M,arjuniyer54@hms.com,B25420,+919822478025,2005-11-24
B25308,Ramesh Nair,M,rameshnair96@hms.com,B25308,+916528392221,2005-07-11
B25664,Anand Pillai,M,anandpillai49@hms.com,B25664,+919449710202,2004-05-19
B25443,Ramesh Pillai,M,rameshpillai23@hms.com,B25443,+918971678123,2004-09-22
B25821,Anand Nair,M,anandnair97@hms.com,B25821,+916301012922,2004-12-14
B25528,Rahul Mehta,M,rahulmehta72@hms.com,B25528,+918168296601,2004-09-11
B25182,Rohit Iyer,M,rohitiyer82@hms.com,B25182,+917871271141,2006-08-23
B25341,Arjun Sharma,M,arjunsharma23@hms.com,B25341,+917380977770,2007-08-20
B25692,Rahul Iyer,M,rahuliyer31@hms.com,B25692,+919568030466,2005-08-08
B25164,Amit Mehta,M,amitmehta38@hms.com,B25164,+919889940531,2007-02-16
B25135,Rohit Ghosh,M,rohitghosh12@hms.com,B25135,+918437691952,2005-05-26
B25128,Karthik Reddy,M,karthikreddy90@hms.com,B25128,+919395160109,2007-09-07
B25467,Karthik Joshi,M,karthikjoshi89@hms.com,B25467,+916563685777,2005-07-20
B25126,Amit Das,M,amitdas99@hms.com,B25126,+917924786040,2005-05-28
B25961,Rohit Ghosh,M,rohitghosh94@hms.com,B25961,+919800029613,2005-03-25
B25426,Karthik Mehta,M,karthikmehta11@hms.com,B25426,+916298344170,2005-08-17
B25108,Ramesh Verma,M,rameshverma39@hms.com,B25108,+919229289263,2006-07-26
B25796,Arjun Ghosh,M,arjunghosh25@hms.com,B25796,+916125008686,2004-08-07
B25522,Amit Mehta,M,amitmehta15@hms.com,B25522,+919620506778,2006-11-11
B25815,Rohit Pillai,M,rohitpillai94@hms.com,B25815,+916748029762,2007-10-23
B25704,Anand Ghosh,M,anandghosh67@hms.com,B25704,+916919733929,2007-07-24
B25622,Arjun Iyer,M,arjuniyer78@hms.com,B25622,+918752548520,2004-10-02
B25743,Vikram Nair,M,vikramnair70@hms.com,B25743,+916798345450,2005-10-24
B25710,Anand Ghosh,M,anandghosh53@hms.com,B25710,+916017162032,2004-03-07
B25282,Priya Pillai,F,priyapillai38@hms.com,B25282,+917447948837,2005-11-05
B25172,Meena Ghosh,F,meenaghosh76@hms.com,B25172,+917651627566,2006-01-08
B25236,Anjali Ghosh,F,anjalighosh20@hms.com,B25236,+916817616822,2007-04-15
B25243,Anjali Sharma,F,anjalisharma46@hms.com,B25243,+918241551382,2007-11-14
B25231,Meena Sharma,F,meenasharma88@hms.com,B25231,+916400115900,2006-02-04
B25597,Anjali Pillai,F,anjalipillai49@hms.com,B25597,+917081006548,2007-09-20
B25690,Divya Iyer,F,divyaiyer87@hms.com,B25690,+917039578272,2006-10-23
B25793,Priya Nair,F,priyanair34@hms.com,B25793,+919365495788,2005-11-05
B25600,Meena Joshi,F,meenajoshi68@hms.com,B25600,+919560092538,2007-12-19
B25503,Divya Mehta,F,divyamehta61@hms.com,B25503,+919207829124,2006-01-25
B25137,Sneha Iyer,F,snehaiyer71@hms.com,B25137,+919395722481,2007-04-10
B25237,Ritu Iyer,F,rituiyer38@hms.com,B25237,+918243793734,2006-03-03
B25530,Pooja Das,F,poojadas94@hms.com,B25530,+918935399685,2006-04-25
B25280,Divya Sharma,F,divyasharma90@hms.com,B25280,+916755689874,2005-08-28
B25476,Anjali Das,F,anjalidas62@hms.com,B25476,+918799275570,2007-07-29
B25998,Priya Das,F,priyadas50@hms.com,B25998,+918932486879,2005-11-17
B25740,Pooja Ghosh,F,poojaghosh96@hms.com,B25740,+917780632675,2004-11-18
B25775,Pooja Nair,F,poojanair26@hms.com,B25775,+917581040288,2006-12-28
B25411,Sneha Nair,F,snehanair40@hms.com,B25411,+918427412670,2007-11-07
B25304,Sita Iyer,F,sitaiyer68@hms.com,B25304,+918761028117,2004-01-24
B25418,Neha Ghosh,F,nehaghosh32@hms.com,B25418,+919030432908,2004-08-10
B25631,Sneha Joshi,F,snehajoshi55@hms.com,B25631,+916613254490,2005-05-02
B25136,Meena Verma,F,meenaverma72@hms.com,B25136,+918926738283,2004-05-27
B25313,Pooja Joshi,F,poojajoshi39@hms.com,B25313,+918718790996,2005-11-02
B25763,Anjali Iyer,F,anjaliiyer70@hms.com,B25763,+918075008078,2004-11-24
B25190,Anjali Ghosh,F,anjalighosh98@hms.com,B25190,+918798543663,2005-04-25
B25449,Kavya Reddy,F,kavyareddy16@hms.com,B25449,+917767248873,2005-08-15
B25269,Sneha Nair,F,snehanair27@hms.com,B25269,+919165568045,2005-03-27
B25698,Kavya Ghosh,F,kavyaghosh58@hms.com,B25698,+916127439212,2007-05-04
B25298,Ritu Joshi,F,ritujoshi23@hms.com,B25298,+917173331140,2007-04-17
B25707,Divya Nair,F,divyanair64@hms.com,B25707,+917237155246,2004-04-01
B25681,Pooja Sharma,F,poojasharma59@hms.com,B25681,+917063694333,2006-09-04
B25325,Ritu Mehta,F,ritumehta34@hms.com,B25325,+918569726596,2005-04-11
B25603,Ritu Nair,F,ritunair26@hms.com,B25603,+918826372063,2005-10-01
B25624,Sita Joshi,F,sitajoshi30@hms.com,B25624,+916270178078,2007-10-01
B25590,Pooja Pillai,F,poojapillai73@hms.com,B25590,+917619219649,2006-05-10
B25666,Ritu Joshi,F,ritujoshi13@hms.com,B25666,+918496147117,2004-09-08
B25758,Priya Mehta,F,priyamehta92@hms.com,B25758,+917285142645,2004-04-15
B25156,Ritu Reddy,F,ritureddy20@hms.com,B25156,+919103460754,2006-11-13
B25812,Priya Pillai,F,priyapillai85@hms.com,B25812,+917219396998,2007-06-12
B25947,Divya Ghosh,F,divyaghosh24@hms.com,B25947,+917137393545,2007-09-21
B25888,Anjali Verma,F,anjaliverma81@hms.com,B25888,+916110170348,2006-03-24
B25767,Kavya Pillai,F,kavyapillai79@hms.com,B25767,+917563979295,2007-06-19
B25258,Kavya Sharma,F,kavyasharma63@hms.com,B25258,+919982194810,2005-05-29
B25649,Meena Das,F,meenadas31@hms.com,B25649,+917552208872,2006-09-30
B25144,Sneha Iyer,F,snehaiyer82@hms.com,B25144,+918504831943,2004-01-28
B25347,Ritu Ghosh,F,ritughosh14@hms.com,B25347,+917980012693,2005-09-22
B25440,Pooja Iyer,F,poojaiyer47@hms.com,B25440,+918610336840,2006-12-27
B25240,Kavya Pillai,F,kavyapillai98@hms.com,B25240,+917667555631,2004-12-26
B25575,Sita Verma,F,sitaverma92@hms.com,B25575,+918347647042,2007-10-21
B25620,Meena Joshi,F,meenajoshi32@hms.com,B25620,+919327457939,2006-03-23
B25450,Divya Nair,F,divyanair92@hms.com,B25450,+918747512404,2007-05-29
B25409,Priya Reddy,F,priyareddy50@hms.com,B25409,+916513377612,2005-07-17
B25110,Pooja Ghosh,F,poojaghosh87@hms.com,B25110,+919353067067,2004-07-11
B25468,Sita Das,F,sitadas78@hms.com,B25468,+919760914551,2007-01-14
B25486,Ritu Ghosh,F,ritughosh15@hms.com,B25486,+917292683382,2004-03-27
B25112,Anjali Joshi,F,anjalijoshi14@hms.com,B25112,+916399068597,2004-05-23
B25321,Sita Joshi,F,sitajoshi65@hms.com,B25321,+916849835121,2007-02-10
B25677,Priya Reddy,F,priyareddy48@hms.com,B25677,+916646310257,2005-11-13
B25658,Meena Pillai,F,meenapillai14@hms.com,B25658,+916618592551,2006-12-21
B25918,Ritu Mehta,F,ritumehta74@hms.com,B25918,+919600168702,2004-12-03
B25275,Kavya Joshi,F,kavyajoshi96@hms.com,B25275,+916295298379,2004-12-10
B25732,Sneha Verma,F,snehaverma47@hms.com,B25732,+919697466673,2005-03-08
B25879,Ritu Nair,F,ritunair81@hms.com,B25879,+916406781223,2007-11-02
B25372,Meena Joshi,F,meenajoshi54@hms.com,B25372,+919695393443,2007-03-27
B25329,Priya Nair,F,priyanair43@hms.com,B25329,+916176125886,2007-07-10
B25844,Kavya Reddy,F,kavyareddy40@hms.com,B25844,+916864913543,2007-03-12
B25852,Kavya Reddy,F,kavyareddy39@hms.com,B25852,+916565187909,2005-02-03
B25234,Pooja Joshi,F,poojajoshi78@hms.com,B25234,+917050305033,2004-04-26
B25596,Divya Reddy,F,divyareddy85@hms.com,B25596,+919351842231,2004-03-26
B25657,Ritu Ghosh,F,ritughosh27@hms.com,B25657,+919054663646,2007-05-30
B25713,Sita Verma,F,sitaverma29@hms.com,B25713,+917691230597,2006-01-21
B25224,Neha Sharma,F,nehasharma50@hms.com,B25224,+917693538404,2004-06-23
B25805,Pooja Pillai,F,poojapillai11@hms.com,B25805,+917577316092,2004-07-31
B25277,Pooja Ghosh,F,poojaghosh69@hms.com,B25277,+916721140068,2004-03-01
B25445,Anjali Nair,F,anjalinair94@hms.com,B25445,+918869692250,2006-02-17
B25640,Kavya Nair,F,kavyanair56@hms.com,B25640,+916343818686,2006-04-05
B25897,Neha Joshi,F,nehajoshi19@hms.com,B25897,+918137448864,2004-08-14
B25369,Kavya Ghosh,F,kavyaghosh32@hms.com,B25369,+919969696117,2004-10-18
B25188,Pooja Sharma,F,poojasharma85@hms.com,B25188,+917155976286,2004-01-22
B25179,Sneha Nair,F,snehanair20@hms.com,B25179,+918949202051,2006-09-22
B25745,Divya Ghosh,F,divyaghosh71@hms.com,B25745,+919967815493,2006-06-27
B25338,Sita Nair,F,sitanair26@hms.com,B25338,+916253807312,2006-01-25
B25232,Ritu Mehta,F,ritumehta26@hms.com,B25232,+916945708531,2007-12-10
B25581,Divya Nair,F,divyanair11@hms.com,B25581,+917199447388,2006-04-29
B25218,Sneha Mehta,F,snehamehta72@hms.com,B25218,+917271606805,2005-07-16
B25368,Meena Joshi,F,meenajoshi53@hms.com,B25368,+916412412639,2005-04-04
B25680,Neha Das,F,nehadas94@hms.com,B25680,+916595215915,2006-08-08
B25206,Kavya Joshi,F,kavyajoshi79@hms.com,B25206,+919097118239,2006-07-26
B25791,Divya Sharma,F,divyasharma24@hms.com,B25791,+919985730046,2004-05-29
B25489,Kavya Ghosh,F,kavyaghosh92@hms.com,B25489,+919716726763,2004-05-26
B25354,Ritu Nair,F,ritunair57@hms.com,B25354,+919648115197,2004-04-23
B25813,Meena Joshi,F,meenajoshi59@hms.com,B25813,+917026355076,2007-07-31
B25795,Sneha Sharma,F,snehasharma13@hms.com,B25795,+917611167475,2007-09-08
B25832,Priya Pillai,F,priyapillai82@hms.com,B25832,+916877006611,2005-06-08
B25889,Sneha Das,F,snehadas66@hms.com,B25889,+917930935142,2007-01-19
B25271,Sneha Verma,F,snehaverma84@hms.com,B25271,+918324833056,2006-02-12
B25103,Anjali Verma,F,anjaliverma60@hms.com,B25103,+917880703390,2007-05-25
B25871,Priya Sharma,F,priyasharma55@hms.com,B25871,+917847619133,2007-08-01
B25320,Ritu Ghosh,F,ritughosh21@hms.com,B25320,+919188564878,2004-07-23
B25210,Kavya Das,F,kavyadas92@hms.com,B25210,+918715910817,2004-03-27
B25399,Neha Verma,F,nehaverma79@hms.com,B25399,+916035898500,2007-09-08
B25505,Priya Verma,F,priyaverma47@hms.com,B25505,+918470522621,2005-09-04
B25511,Anjali Ghosh,F,anjalighosh45@hms.com,B25511,+917328492318,2006-06-03
B25404,Pooja Mehta,F,poojamehta91@hms.com,B25404,+918553332203,2006-10-30
B25859,Sneha Das,F,snehadas43@hms.com,B25859,+918078293926,2005-07-05
B25517,Sita Sharma,F,sitasharma62@hms.com,B25517,+917978994616,2004-12-27
B25262,Priya Ghosh,F,priyaghosh74@hms.com,B25262,+917813681679,2004-10-23
B25343,Sita Pillai,F,sitapillai45@hms.com,B25343,+916906445231,2007-02-20
B25101,Priya Sharma,F,priyasharma45@hms.com,B25101,+917204390366,2004-02-25
B25728,Ritu Pillai,F,ritupillai50@hms.com,B25728,+918474110528,2007-06-01
B25419,Anjali Joshi,F,anjalijoshi84@hms.com,B25419,+916243483118,2005-07-26
B25774,Kavya Mehta,F,kavyamehta64@hms.com,B25774,+919827827763,2006-03-22
B25200,Kavya Mehta,F,kavyamehta25@hms.com,B25200,+916701752044,2005-07-04
B25984,Kavya Das,F,kavyadas73@hms.com,B25984,+916224832115,2007-02-15
B25216,Anjali Pillai,F,anjalipillai16@hms.com,B25216,+917923512969,2007-09-20
B25946,Pooja Nair,F,poojanair80@hms.com,B25946,+916607072546,2006-03-01
B25890,Sneha Iyer,F,snehaiyer84@hms.com,B25890,+919260718435,2005-08-17
B25662,Meena Joshi,F,meenajoshi72@hms.com,B25662,+919515081933,2004-01-29
B25966,Pooja Joshi,F,poojajoshi15@hms.com,B25966,+916429157456,2005-07-04
B25169,Meena Ghosh,F,meenaghosh38@hms.com,B25169,+917516793000,2007-01-03
B25124,Ritu Nair,F,ritunair59@hms.com,B25124,+918031983262,2007-03-22
B25843,Priya Sharma,F,priyasharma37@hms.com,B25843,+919116952142,2007-09-05
B25166,Priya Reddy,F,priyareddy88@hms.com,B25166,+917326437617,2006-06-06
B25636,Meena Das,F,meenadas10@hms.com,B25636,+917622661241,2005-11-09
B25916,Priya Pillai,F,priyapillai18@hms.com,B25916,+918049806075,2006-09-10
B25431,Divya Pillai,F,divyapillai24@hms.com,B25431,+919289587616,2004-06-11
B25255,Sita Reddy,F,sitareddy76@hms.com,B25255,+916679617099,2007-07-17
B25746,Sita Verma,F,sitaverma32@hms.com,B25746,+919397641838,2004-12-10
B25268,Anjali Joshi,F,anjalijoshi92@hms.com,B25268,+918801922155,2006-09-04
B25711,Meena Verma,F,meenaverma31@hms.com,B25711,+918112020903,2006-12-31
B25934,Ritu Mehta,F,ritumehta32@hms.com,B25934,+916385803413,2006-06-13
B25560,Sita Iyer,F,sitaiyer31@hms.com,B25560,+917097352199,2005-09-21
B25577,Pooja Das,F,poojadas99@hms.com,B25577,+917108461908,2004-03-31
B25945,Meena Pillai,F,meenapillai99@hms.com,B25945,+918830515496,2007-03-16
B25883,Meena Nair,F,meenanair75@hms.com,B25883,+918519851172,2007-03-19
B25140,Divya Nair,F,divyanair71@hms.com,B25140,+919073897266,2005-02-21
B25127,Kavya Reddy,F,kavyareddy26@hms.com,B25127,+918155611830,2004-12-15
B25207,Neha Pillai,F,nehapillai14@hms.com,B25207,+918877775092,2007-09-23
B25233,Ritu Mehta,F,ritumehta71@hms.com,B25233,+917156887631,2005-09-27
B25107,Meena Nair,F,meenanair20@hms.com,B25107,+919990419226,2006-04-13
B25771,Divya Sharma,F,divyasharma40@hms.com,B25771,+917729662136,2004-11-22
B25957,Ritu Reddy,F,ritureddy45@hms.com,B25957,+918643070812,2006-06-22
B25949,Sneha Pillai,F,snehapillai40@hms.com,B25949,+918012242230,2005-07-30
B25926,Sneha Joshi,F,snehajoshi77@hms.com,B25926,+917171920052,2007-08-01
B25900,Sneha Sharma,F,snehasharma74@hms.com,B25900,+918226091184,2005-03-02
B25634,Sneha Verma,F,snehaverma73@hms.com,B25634,+919320505179,2005-12-30
B25209,Meena Ghosh,F,meenaghosh69@hms.com,B25209,+917115485591,2007-08-15
B25149,Kavya Mehta,F,kavyamehta67@hms.com,B25149,+918485455751,2007-12-28
B25433,Kavya Mehta,F,kavyamehta16@hms.com,B25433,+916718098459,2004-01-09
B25316,Neha Joshi,F,nehajoshi40@hms.com,B25316,+916892961115,2007-10-25
B25162,Sita Verma,F,sitaverma13@hms.com,B25162,+916503019743,2005-01-30
B25159,Neha Iyer,F,nehaiyer98@hms.com,B25159,+917152844315,2004-10-28
B25448,Sita Iyer,F,sitaiyer99@hms.com,B25448,+919355311077,2004-04-13
B25123,Pooja Iyer,F,poojaiyer96@hms.com,B25123,+918159892953,2007-11-09
B25712,Ritu Verma,F,rituverma30@hms.com,B25712,+919026706040,2006-03-04
B25272,Neha Reddy,F,nehareddy46@hms.com,B25272,+918994461494,2005-04-12
B25434,Anjali Mehta,F,anjalimehta31@hms.com,B25434,+919824940835,2004-01-12
B25181,Pooja Joshi,F,poojajoshi86@hms.com,B25181,+916848690310,2006-08-20
B25248,Priya Mehta,F,priyamehta59@hms.com,B25248,+917262172251,2006-01-28
B25402,Meena Pillai,F,meenapillai15@hms.com,B25402,+917337190414,2005-04-09
B25339,Divya Ghosh,F,divyaghosh77@hms.com,B25339,+916146727493,2005-11-10
B25122,Pooja Iyer,F,poojaiyer98@hms.com,B25122,+916212238219,2004-11-26
B25379,Meena Das,F,meenadas46@hms.com,B25379,+916291625714,2006-07-07
B25246,Meena Reddy,F,meenareddy67@hms.com,B25246,+916044189180,2004-03-02
B25616,Kavya Sharma,F,kavyasharma89@hms.com,B25616,+917490039533,2005-10-04
B25950,Anjali Mehta,F,anjalimehta51@hms.com,B25950,+917626913910,2007-11-07
B25954,Kavya Verma,F,kavyaverma23@hms.com,B25954,+917575986498,2005-08-03
B25350,Sneha Joshi,F,snehajoshi17@hms.com,B25350,+917567789657,2004-03-02
B25351,Meena Nair,F,meenanair15@hms.com,B25351,+917334588309,2005-06-07
B25584,Kavya Iyer,F,kavyaiyer67@hms.com,B25584,+917031577710,2006-03-15
B25724,Ritu Mehta,F,ritumehta95@hms.com,B25724,+916655364526,2005-10-22
B25289,Sneha Das,F,snehadas88@hms.com,B25289,+918519190009,2006-11-28
B25305,Pooja Iyer,F,poojaiyer38@hms.com,B25305,+916933185524,2004-03-11
B25196,Neha Verma,F,nehaverma52@hms.com,B25196,+917508028846,2007-12-12
B25167,Neha Mehta,F,nehamehta96@hms.com,B25167,+916973892419,2007-05-16
B25287,Neha Das,F,nehadas19@hms.com,B25287,+916496512938,2005-03-14
B25535,Divya Iyer,F,divyaiyer39@hms.com,B25535,+918540401170,2004-12-09
B25921,Pooja Nair,F,poojanair28@hms.com,B25921,+918931863326,2004-09-20
B25850,Divya Reddy,F,divyareddy17@hms.com,B25850,+916620178360,2006-11-24
B25939,Anjali Pillai,F,anjalipillai68@hms.com,B25939,+919278098078,2007-09-28
B25477,Kavya Verma,F,kavyaverma79@hms.com,B25477,+916397575045,2005-06-17
B25963,Kavya Ghosh,F,kavyaghosh57@hms.com,B25963,+918260428789,2006-09-06
B25646,Divya Pillai,F,divyapillai92@hms.com,B25646,+919335132533,2007-12-24
B25626,Priya Verma,F,priyaverma97@hms.com,B25626,+917467663377,2007-05-05
B25444,Neha Reddy,F,nehareddy96@hms.com,B25444,+919091037082,2006-01-16
B25157,Sneha Joshi,F,snehajoshi12@hms.com,B25157,+918539564549,2007-12-03
B25953,Meena Mehta,F,meenamehta52@hms.com,B25953,+919253987756,2006-11-08
B25858,Pooja Sharma,F,poojasharma38@hms.com,B25858,+918008332560,2006-07-10
B25834,Sneha Nair,F,snehanair64@hms.com,B25834,+919216074273,2006-11-08
B25479,Meena Joshi,F,meenajoshi55@hms.com,B25479,+918216929348,2004-06-04
B25654,Sneha Pillai,F,snehapillai45@hms.com,B25654,+917492580733,2006-03-22
B25564,Pooja Joshi,F,poojajoshi31@hms.com,B25564,+916938806026,2006-12-27
B25556,Meena Ghosh,F,meenaghosh23@hms.com,B25556,+919395993715,2006-08-02
B25519,Priya Verma,F,priyaverma83@hms.com,B25519,+918385105535,2005-06-10
B25895,Pooja Ghosh,F,poojaghosh63@hms.com,B25895,+918920559046,2006-10-04
B25104,Divya Verma,F,divyaverma25@hms.com,B25104,+919086198033,2007-07-13
B25500,Ritu Nair,F,ritunair69@hms.com,B25500,+917223165678,2007-08-22
B25896,Anjali Verma,F,anjaliverma64@hms.com,B25896,+916251564896,2007-11-07
B25760,Ritu Ghosh,F,ritughosh97@hms.com,B25760,+919171634808,2007-10-10
